Context Level,Accuracy
50,0.2513715710723192
24,0.2488778054862843
24,0.2488778054862843
24,0.2488778054862843
24,0.182
