Layer,PROMPT_1,PROMPT_2,PROMPT_3,PROMPT_4,PROMPT_5,PROMPT_6,PROMPT_7,PROMPT_8,PROMPT_9,PROMPT_10
0,0.09259259259,0.5044247788,1,0.3466666667,0.7085714286,0.1915789474,0,0.3314606742,0.5657894737,1
1,0.2196078431,0.1906779661,0.3511904762,0.181598063,0.3424036281,0.2166666667,0,0,0.2182741117,0.9705882353
2,0.2293233083,0.1626984127,0.8983050847,0,0.3579766537,0.2071129707,0,0,0.3431952663,0.9753694581
3,0.2287822878,0,0.9851851852,0,0.3725099602,0.2147742818,0,0,0.3544303797,0.9753694581
4,0.2313432836,0.1481481481,0.5913621262,0,0.40625,0.2084168337,0,0,0.4341085271,0.9850746269
5,0,0,1,0.1851851852,0.4010695187,0.1798715203,0,0,0.1444759207,0.7519083969
6,0.2348754448,0,1,0.2023121387,0.4375,0.1798319328,0,0,0.5288461538,0.6066176471
7,0.1034482759,0.1351351351,0.6995708155,0.3168316832,0.6326530612,0.1489637306,0,0,0,1
8,0.06785714286,0.07027027027,1,0,0.7435897436,0.1826923077,0.1625441696,0.1617647059,0.1167883212,0.3646209386