Layer,PROMPT_1,PROMPT_2,PROMPT_3,PROMPT_4,PROMPT_5,PROMPT_6,PROMPT_7,PROMPT_8,PROMPT_9,PROMPT_10
0,0.1178502879,0.4477272727,1,0.4090909091,0.6467315716,0.2246136865,0,0.3014492754,0.5338078292,1
1,0.2200208551,0.2315789474,0.3499197432,0.2002335085,0.3203559511,0.2775510204,0,0,0.2119635891,0.9799426934
2,0.228804903,0.2,0.8257425743,0,0.3494441759,0.2039034412,0,0,0.3081861958,0.9596083231
3,0.2344827586,0,0.9885496183,0,0.3623898139,0.2045680238,0,0,0.31281198,0.9786700125
4,0.2308438409,0.1677295918,0.5647709321,0,0.3788395904,0.2068622576,0,0,0.3938053097,0.9886506936
5,0,0,1,0.1888111888,0.3842302879,0.1981390257,0,0,0.1379833207,0.7480842912
6,0.2379146919,0,1,0.1945830364,0.4048780488,0.1887183741,0,0,0.5102639296,0.546835443
7,0.1411960133,0.1509606587,0.7103882476,0.3394495413,0.5485436893,0.1650288038,0,0,0,1
8,0.1187943262,0.126984127,1,0,0.6908315565,0.1583143508,0.1705653021,0.1718213058,0.112244898,0.3617021277